{
    "predict_bleu-4": 93.8690875,
    "predict_model_preparation_time": 0.0048,
    "predict_rouge-1": 94.52302499999999,
    "predict_rouge-2": 89.8793,
    "predict_rouge-l": 96.4509125,
    "predict_runtime": 1934.7404,
    "predict_samples_per_second": 0.004,
    "predict_steps_per_second": 0.004
}