{
    "predict_bleu-4": 97.73369111111113,
    "predict_model_preparation_time": 0.0049,
    "predict_rouge-1": 97.83129555555556,
    "predict_rouge-2": 97.44567555555554,
    "predict_rouge-l": 99.20440888888889,
    "predict_runtime": 1630.0729,
    "predict_samples_per_second": 0.028,
    "predict_steps_per_second": 0.014
}