{
    "predict_bleu-4": 20.016556666666666,
    "predict_model_preparation_time": 0.0151,
    "predict_rouge-1": 39.13359333333334,
    "predict_rouge-2": 12.694863333333334,
    "predict_rouge-l": 20.289323333333336,
    "predict_runtime": 852.7886,
    "predict_samples_per_second": 0.035,
    "predict_steps_per_second": 0.018
}