{
    "predict_bleu-4": 12.660656666666666,
    "predict_model_preparation_time": 0.0012,
    "predict_rouge-1": 41.569870000000016,
    "predict_rouge-2": 17.98464333333333,
    "predict_rouge-l": 24.81082,
    "predict_runtime": 632.6638,
    "predict_samples_per_second": 0.047,
    "predict_steps_per_second": 0.024
}