{
    "predict_bleu-4": 25.206879999999995,
    "predict_model_preparation_time": 0.0077,
    "predict_rouge-1": 47.91205833333333,
    "predict_rouge-2": 28.062253333333334,
    "predict_rouge-l": 27.909920000000003,
    "predict_runtime": 679.1604,
    "predict_samples_per_second": 0.088,
    "predict_steps_per_second": 0.044
}