{
    "predict_bleu-4": 4.8603499999999995,
    "predict_model_preparation_time": 0.0052,
    "predict_rouge-1": 53.20021666666667,
    "predict_rouge-2": 31.5051,
    "predict_rouge-l": 15.02395,
    "predict_runtime": 1721.1122,
    "predict_samples_per_second": 0.003,
    "predict_steps_per_second": 0.002
}