{
    "predict_bleu-4": 93.74553749999998,
    "predict_model_preparation_time": 0.0054,
    "predict_rouge-1": 93.916625,
    "predict_rouge-2": 89.0533875,
    "predict_rouge-l": 96.2373375,
    "predict_runtime": 1775.2073,
    "predict_samples_per_second": 0.005,
    "predict_steps_per_second": 0.005
}