{
    "predict_bleu-4": 12.231933333333336,
    "predict_model_preparation_time": 0.0158,
    "predict_rouge-1": 45.486926666666676,
    "predict_rouge-2": 20.295273333333334,
    "predict_rouge-l": 25.359536666666664,
    "predict_runtime": 441.6672,
    "predict_samples_per_second": 0.068,
    "predict_steps_per_second": 0.034
}