{
    "predict_bleu-4": 94.41550795454546,
    "predict_model_preparation_time": 0.0046,
    "predict_rouge-1": 94.71632045454545,
    "predict_rouge-2": 90.87471704545455,
    "predict_rouge-l": 96.6271590909091,
    "predict_runtime": 955.0899,
    "predict_samples_per_second": 0.092,
    "predict_steps_per_second": 0.046
}