{
    "predict_bleu-4": 12.146616666666667,
    "predict_model_preparation_time": 0.0049,
    "predict_rouge-1": 40.56316666666667,
    "predict_rouge-2": 13.571800000000001,
    "predict_rouge-l": 15.543516666666669,
    "predict_runtime": 1622.9907,
    "predict_samples_per_second": 0.004,
    "predict_steps_per_second": 0.002
}