{
    "predict_bleu-4": 5.174200000000001,
    "predict_model_preparation_time": 0.0049,
    "predict_rouge-1": 51.259074999999996,
    "predict_rouge-2": 28.9994,
    "predict_rouge-l": 16.241100000000003,
    "predict_runtime": 1842.7769,
    "predict_samples_per_second": 0.004,
    "predict_steps_per_second": 0.002
}