{
    "predict_bleu-4": 94.729925,
    "predict_model_preparation_time": 0.005,
    "predict_rouge-1": 94.76330000000002,
    "predict_rouge-2": 90.24612499999999,
    "predict_rouge-l": 96.47484999999999,
    "predict_runtime": 655.7939,
    "predict_samples_per_second": 0.006,
    "predict_steps_per_second": 0.006
}